<?xml version="1.0" encoding="UTF-8"?>
<theme xmlns="http://www.opensource-socialnetwork.org/theme/v/3.0">
    <name>GoRed</name>
    <id>gored</id>
    <author>Aashish Thapa</author>
    <author_url>http://exploash.rf.gd</author_url>	
    <description>A responsive theme for Ossn.</description>
    <license>GNU General Public License, version 2</license>    
	<license_url>http://www.opensource-socialnetwork.org/licence</license_url>
    <version>1.0</version>
	<requires>
		<type>ossn_version</type>
		<version>4.4</version>
	</requires>
</theme>
